2021 super output area - lower layer,mnemonic,Total: All usual residents aged 16 years and over,%,No qualifications,%,Level 1 and entry level qualifications,%,Level 2 qualifications,%,Apprenticeship,%,Level 3 qualifications,%,Level 4 qualifications or above,%,Other qualifications,%
North Northamptonshire 001A,E01027033,1595,100,185,11.6,162,10.2,208,13,87,5.5,271,17,648,40.6,34,2.1
North Northamptonshire 001B,E01027043,1980,100,292,14.7,185,9.3,283,14.3,89,4.5,311,15.7,766,38.7,54,2.7
North Northamptonshire 001C,E01027050,1800,100,249,13.8,163,9.1,253,14.1,83,4.6,268,14.9,739,41.1,45,2.5
North Northamptonshire 002A,E01026971,1509,100,417,27.6,168,11.1,187,12.4,105,7,266,17.6,310,20.5,56,3.7
North Northamptonshire 002B,E01026979,1352,100,227,16.8,126,9.3,197,14.6,95,7,257,19,426,31.5,24,1.8
North Northamptonshire 002C,E01026980,1404,100,190,13.5,132,9.4,193,13.7,92,6.6,258,18.4,517,36.8,22,1.6
North Northamptonshire 002D,E01026982,1755,100,440,25.1,236,13.4,276,15.7,127,7.2,264,15,328,18.7,84,4.8
North Northamptonshire 003A,E01026969,1455,100,446,30.7,206,14.2,206,14.2,86,5.9,202,13.9,262,18,47,3.2
North Northamptonshire 003B,E01026970,1346,100,287,21.3,191,14.2,228,16.9,100,7.4,227,16.9,272,20.2,41,3
North Northamptonshire 003C,E01026972,1470,100,358,24.4,193,13.1,252,17.1,105,7.1,239,16.3,268,18.2,55,3.7
North Northamptonshire 003D,E01026976,1294,100,365,28.2,199,15.4,203,15.7,80,6.2,194,15,195,15.1,58,4.5
North Northamptonshire 003E,E01026981,1046,100,252,24.1,157,15,156,14.9,86,8.2,181,17.3,189,18.1,25,2.4
North Northamptonshire 003F,E01026983,910,100,249,27.4,139,15.3,157,17.3,65,7.1,120,13.2,142,15.6,38,4.2
North Northamptonshire 004A,E01026962,1186,100,336,28.3,189,15.9,157,13.2,66,5.6,183,15.4,200,16.9,55,4.6
North Northamptonshire 004B,E01026973,1188,100,319,26.9,156,13.1,187,15.7,71,6,200,16.8,212,17.8,43,3.6
North Northamptonshire 004C,E01026974,962,100,239,24.8,134,13.9,128,13.3,77,8,166,17.3,191,19.9,27,2.8
North Northamptonshire 004D,E01026975,1123,100,352,31.3,146,13,160,14.2,74,6.6,174,15.5,173,15.4,44,3.9
North Northamptonshire 004E,E01026984,1532,100,497,32.4,218,14.2,242,15.8,93,6.1,217,14.2,219,14.3,46,3
North Northamptonshire 004F,E01026985,1613,100,343,21.3,208,12.9,255,15.8,104,6.4,281,17.4,366,22.7,56,3.5
North Northamptonshire 005A,E01026949,1167,100,323,27.7,150,12.9,160,13.7,80,6.9,180,15.4,232,19.9,42,3.6
North Northamptonshire 005B,E01026950,1298,100,433,33.4,186,14.3,198,15.3,93,7.2,156,12,181,13.9,51,3.9
North Northamptonshire 005C,E01026951,1061,100,344,32.4,170,16,157,14.8,65,6.1,127,12,158,14.9,40,3.8
North Northamptonshire 005D,E01026952,1194,100,250,20.9,177,14.8,159,13.3,80,6.7,210,17.6,283,23.7,35,2.9
North Northamptonshire 006A,E01026957,1510,100,463,30.7,183,12.1,237,15.7,89,5.9,208,13.8,261,17.3,69,4.6
North Northamptonshire 006B,E01026958,1549,100,397,25.6,211,13.6,241,15.6,94,6.1,239,15.4,312,20.1,55,3.6
North Northamptonshire 006C,E01035393,1264,100,110,8.7,120,9.5,200,15.8,53,4.2,295,23.3,466,36.9,20,1.6
North Northamptonshire 006D,E01035394,1231,100,142,11.5,119,9.7,167,13.6,70,5.7,248,20.1,436,35.4,49,4
North Northamptonshire 006E,E01035395,1168,100,172,14.7,113,9.7,188,16.1,70,6,236,20.2,363,31.1,26,2.2
North Northamptonshire 006F,E01035396,976,100,163,16.7,97,9.9,131,13.4,55,5.6,214,21.9,286,29.3,30,3.1
North Northamptonshire 006G,E01035397,1371,100,150,10.9,142,10.4,203,14.8,78,5.7,248,18.1,514,37.5,36,2.6
North Northamptonshire 006H,E01035398,1610,100,236,14.7,154,9.6,252,15.7,101,6.3,265,16.5,556,34.5,46,2.9
North Northamptonshire 007A,E01026959,1244,100,368,29.6,171,13.7,198,15.9,80,6.4,179,14.4,202,16.2,46,3.7
North Northamptonshire 007B,E01026960,1276,100,446,35,191,15,183,14.3,76,6,148,11.6,187,14.7,45,3.5
North Northamptonshire 007C,E01026961,1057,100,309,29.2,176,16.7,150,14.2,64,6.1,164,15.5,153,14.5,41,3.9
North Northamptonshire 007D,E01026965,1217,100,426,35,181,14.9,165,13.6,70,5.8,145,11.9,197,16.2,33,2.7
North Northamptonshire 007E,E01026966,1187,100,287,24.2,148,12.5,177,14.9,91,7.7,172,14.5,272,22.9,40,3.4
North Northamptonshire 007F,E01026967,1467,100,436,29.7,169,11.5,246,16.8,99,6.7,187,12.7,271,18.5,59,4
North Northamptonshire 007G,E01026968,1305,100,456,34.9,193,14.8,199,15.2,74,5.7,145,11.1,195,14.9,43,3.3
North Northamptonshire 008A,E01026963,1033,100,245,23.7,137,13.3,194,18.8,60,5.8,154,14.9,205,19.8,38,3.7
North Northamptonshire 008B,E01032963,1225,100,205,16.7,115,9.4,192,15.7,73,6,231,18.9,353,28.8,56,4.6
North Northamptonshire 008C,E01032964,1395,100,204,14.6,151,10.8,227,16.3,68,4.9,247,17.7,457,32.8,41,2.9
North Northamptonshire 008D,E01032965,1358,100,154,11.3,140,10.3,236,17.4,92,6.8,275,20.3,420,30.9,41,3
North Northamptonshire 008E,E01032966,1993,100,273,13.7,191,9.6,287,14.4,132,6.6,373,18.7,652,32.7,85,4.3
North Northamptonshire 008F,E01032967,1883,100,233,12.4,187,9.9,291,15.5,82,4.4,359,19.1,669,35.5,62,3.3
North Northamptonshire 009A,E01026953,1196,100,275,23,126,10.5,172,14.4,97,8.1,204,17.1,270,22.6,52,4.3
North Northamptonshire 009B,E01026954,1212,100,353,29.1,177,14.6,179,14.8,66,5.4,187,15.4,199,16.4,51,4.2
North Northamptonshire 009C,E01026955,1186,100,154,13,121,10.2,177,14.9,77,6.5,223,18.8,405,34.1,29,2.4
North Northamptonshire 009D,E01026956,1774,100,359,20.2,218,12.3,274,15.4,116,6.5,316,17.8,436,24.6,55,3.1
North Northamptonshire 010A,E01027031,1838,100,206,11.2,130,7.1,283,15.4,104,5.7,295,16.1,783,42.6,37,2
North Northamptonshire 010B,E01027044,1841,100,240,13,146,7.9,233,12.7,79,4.3,260,14.1,850,46.2,33,1.8
North Northamptonshire 010C,E01027046,1287,100,110,8.5,101,7.8,217,16.9,52,4,218,16.9,572,44.4,17,1.3
North Northamptonshire 010D,E01027047,1101,100,235,21.3,134,12.2,131,11.9,50,4.5,150,13.6,374,34,27,2.5
North Northamptonshire 010E,E01027048,1613,100,195,12.1,109,6.8,415,25.7,41,2.5,198,12.3,610,37.8,45,2.8
North Northamptonshire 010F,E01027049,894,100,140,15.7,58,6.5,108,12.1,32,3.6,124,13.9,412,46.1,20,2.2
North Northamptonshire 011A,E01027032,1576,100,280,17.8,142,9,220,14,84,5.3,264,16.8,556,35.3,30,1.9
North Northamptonshire 011B,E01027045,1726,100,276,16,164,9.5,237,13.7,102,5.9,284,16.5,619,35.9,44,2.5
North Northamptonshire 011C,E01027075,1621,100,234,14.4,168,10.4,278,17.1,102,6.3,326,20.1,466,28.7,47,2.9
North Northamptonshire 011D,E01027076,1821,100,367,20.2,223,12.2,232,12.7,128,7,338,18.6,470,25.8,63,3.5
North Northamptonshire 011E,E01035407,1227,100,156,12.7,112,9.1,211,17.2,59,4.8,230,18.7,439,35.8,20,1.6
North Northamptonshire 011F,E01035408,1177,100,87,7.4,109,9.3,185,15.7,54,4.6,310,26.3,412,35,20,1.7
North Northamptonshire 012A,E01027090,1457,100,204,14,144,9.9,212,14.6,83,5.7,250,17.2,504,34.6,60,4.1
North Northamptonshire 012B,E01027103,1355,100,215,15.9,128,9.4,210,15.5,89,6.6,215,15.9,472,34.8,26,1.9
North Northamptonshire 012C,E01027129,1964,100,311,15.8,159,8.1,270,13.7,111,5.7,305,15.5,772,39.3,36,1.8
North Northamptonshire 013A,E01027094,1340,100,276,20.6,142,10.6,182,13.6,90,6.7,257,19.2,347,25.9,46,3.4
North Northamptonshire 013B,E01027095,1309,100,247,18.9,174,13.3,221,16.9,97,7.4,238,18.2,300,22.9,32,2.4
North Northamptonshire 013C,E01027107,1068,100,207,19.4,123,11.5,175,16.4,77,7.2,187,17.5,270,25.3,29,2.7
North Northamptonshire 013D,E01027108,1133,100,187,16.5,119,10.5,168,14.8,101,8.9,168,14.8,345,30.5,45,4
North Northamptonshire 013E,E01027109,1009,100,181,17.9,134,13.3,193,19.1,62,6.1,166,16.5,243,24.1,30,3
North Northamptonshire 013F,E01032969,1207,100,131,10.9,138,11.4,207,17.1,53,4.4,274,22.7,371,30.7,33,2.7
North Northamptonshire 013G,E01032970,1567,100,201,12.8,202,12.9,279,17.8,85,5.4,312,19.9,465,29.7,23,1.5
North Northamptonshire 013H,E01032971,916,100,195,21.3,98,10.7,145,15.8,59,6.4,171,18.7,227,24.8,21,2.3
North Northamptonshire 014A,E01027123,1340,100,300,22.4,157,11.7,210,15.7,79,5.9,213,15.9,331,24.7,50,3.7
North Northamptonshire 014B,E01027125,1510,100,219,14.5,173,11.5,238,15.8,119,7.9,313,20.7,412,27.3,36,2.4
North Northamptonshire 014C,E01027126,1959,100,379,19.3,217,11.1,307,15.7,124,6.3,342,17.5,562,28.7,28,1.4
North Northamptonshire 014D,E01035411,1194,100,280,23.5,153,12.8,191,16,57,4.8,216,18.1,274,22.9,23,1.9
North Northamptonshire 014E,E01035412,1020,100,208,20.4,124,12.2,155,15.2,68,6.7,176,17.3,262,25.7,27,2.6
North Northamptonshire 015A,E01027079,1517,100,254,16.7,192,12.7,241,15.9,90,5.9,263,17.3,433,28.5,44,2.9
North Northamptonshire 015B,E01027080,1628,100,310,19,182,11.2,253,15.5,139,8.5,256,15.7,437,26.8,51,3.1
North Northamptonshire 015C,E01027087,956,100,159,16.6,109,11.4,145,15.2,86,9,181,18.9,245,25.6,31,3.2
North Northamptonshire 015D,E01027088,1037,100,153,14.8,114,11,188,18.1,64,6.2,178,17.2,314,30.3,26,2.5
North Northamptonshire 015E,E01027089,1801,100,337,18.7,212,11.8,284,15.8,115,6.4,313,17.4,486,27,54,3
North Northamptonshire 016A,E01027081,1192,100,281,23.6,175,14.7,203,17,87,7.3,183,15.4,231,19.4,32,2.7
North Northamptonshire 016B,E01027082,1404,100,319,22.7,198,14.1,231,16.5,98,7,224,16,279,19.9,55,3.9
North Northamptonshire 016C,E01027083,1169,100,327,28,181,15.5,206,17.6,76,6.5,148,12.7,189,16.2,42,3.6
North Northamptonshire 016D,E01027127,1502,100,472,31.4,228,15.2,242,16.1,81,5.4,189,12.6,245,16.3,45,3
North Northamptonshire 016E,E01027128,1356,100,349,25.7,201,14.8,211,15.6,93,6.9,216,15.9,239,17.6,47,3.5
North Northamptonshire 017A,E01027105,2060,100,455,22.1,277,13.4,294,14.3,131,6.4,295,14.3,517,25.1,91,4.4
North Northamptonshire 017B,E01027106,1658,100,391,23.6,219,13.2,220,13.3,125,7.5,243,14.7,381,23,79,4.8
North Northamptonshire 017C,E01027111,1761,100,355,20.2,220,12.5,271,15.4,111,6.3,270,15.3,475,27,59,3.4
North Northamptonshire 017D,E01027112,1820,100,454,24.9,219,12,282,15.5,114,6.3,306,16.8,370,20.3,75,4.1
North Northamptonshire 018A,E01027104,1971,100,464,23.5,246,12.5,281,14.3,116,5.9,271,13.7,518,26.3,75,3.8
North Northamptonshire 018B,E01027113,1862,100,345,18.5,177,9.5,255,13.7,89,4.8,261,14,685,36.8,50,2.7
North Northamptonshire 018C,E01027115,1688,100,282,16.7,150,8.9,199,11.8,105,6.2,255,15.1,625,37,72,4.3
North Northamptonshire 018D,E01027116,1682,100,170,10.1,169,10,268,15.9,86,5.1,300,17.8,639,38,50,3
North Northamptonshire 018E,E01027117,1238,100,210,17,112,9,118,9.5,96,7.8,150,12.1,509,41.1,43,3.5
North Northamptonshire 018F,E01035413,875,100,254,29,113,12.9,136,15.5,51,5.8,98,11.2,199,22.7,24,2.7
North Northamptonshire 018G,E01035414,960,100,263,27.4,108,11.2,122,12.7,58,6,128,13.3,255,26.6,26,2.7
North Northamptonshire 019A,E01027096,935,100,197,21.1,107,11.4,143,15.3,60,6.4,168,18,236,25.2,24,2.6
North Northamptonshire 019B,E01027097,1221,100,217,17.8,148,12.1,192,15.7,107,8.8,198,16.2,316,25.9,43,3.5
North Northamptonshire 019C,E01027098,930,100,170,18.3,105,11.3,162,17.4,72,7.7,181,19.5,209,22.5,31,3.3
North Northamptonshire 019D,E01027099,1259,100,217,17.2,153,12.2,206,16.4,119,9.5,197,15.6,312,24.8,55,4.4
North Northamptonshire 019E,E01027122,999,100,245,24.5,128,12.8,130,13,73,7.3,157,15.7,235,23.5,31,3.1
North Northamptonshire 020A,E01027119,1406,100,269,19.1,147,10.5,205,14.6,93,6.6,243,17.3,421,29.9,28,2
North Northamptonshire 020B,E01032972,1314,100,163,12.4,143,10.9,227,17.3,96,7.3,245,18.6,406,30.9,34,2.6
North Northamptonshire 020C,E01032973,1232,100,90,7.3,104,8.4,237,19.2,39,3.2,258,20.9,479,38.9,25,2
North Northamptonshire 020D,E01032974,1150,100,135,11.7,106,9.2,164,14.3,51,4.4,217,18.9,456,39.7,21,1.8
North Northamptonshire 021A,E01027084,1838,100,255,13.9,174,9.5,278,15.1,135,7.3,342,18.6,609,33.1,45,2.4
North Northamptonshire 021B,E01027085,1293,100,211,16.3,162,12.5,217,16.8,88,6.8,215,16.6,363,28.1,37,2.9
North Northamptonshire 021C,E01027086,1686,100,223,13.2,160,9.5,265,15.7,98,5.8,351,20.8,543,32.2,46,2.7
North Northamptonshire 021D,E01027120,1053,100,107,10.2,130,12.3,179,17,61,5.8,222,21.1,333,31.6,21,2
North Northamptonshire 021E,E01027121,1884,100,199,10.6,158,8.4,272,14.4,96,5.1,356,18.9,773,41,30,1.6
North Northamptonshire 022A,E01027100,1465,100,270,18.4,178,12.2,256,17.5,94,6.4,209,14.3,406,27.7,52,3.5
North Northamptonshire 022B,E01027114,1346,100,243,18.1,140,10.4,210,15.6,91,6.8,219,16.3,388,28.8,55,4.1
North Northamptonshire 022C,E01027130,1514,100,285,18.8,203,13.4,256,16.9,88,5.8,248,16.4,399,26.4,35,2.3
North Northamptonshire 022D,E01027131,1825,100,453,24.8,260,14.2,313,17.2,114,6.2,259,14.2,361,19.8,65,3.6
North Northamptonshire 023A,E01027091,1530,100,336,22,213,13.9,238,15.6,91,5.9,253,16.5,355,23.2,44,2.9
North Northamptonshire 023B,E01027092,1513,100,299,19.8,185,12.2,254,16.8,125,8.3,264,17.4,339,22.4,47,3.1
North Northamptonshire 023C,E01027102,1549,100,328,21.2,190,12.3,258,16.7,104,6.7,266,17.2,336,21.7,67,4.3
North Northamptonshire 023D,E01035415,1959,100,213,10.9,187,9.5,357,18.2,109,5.6,413,21.1,644,32.9,36,1.8
North Northamptonshire 023E,E01035416,1592,100,288,18.1,182,11.4,267,16.8,102,6.4,319,20,405,25.4,29,1.8
North Northamptonshire 024A,E01027057,1886,100,293,15.5,188,10,291,15.4,114,6,349,18.5,588,31.2,63,3.3
North Northamptonshire 024B,E01027074,1762,100,314,17.8,165,9.4,264,15,128,7.3,259,14.7,585,33.2,47,2.7
North Northamptonshire 024C,E01027078,1794,100,312,17.4,167,9.3,264,14.7,131,7.3,278,15.5,607,33.8,35,2
North Northamptonshire 025A,E01027051,1681,100,301,17.9,209,12.4,281,16.7,111,6.6,285,17,437,26,57,3.4
North Northamptonshire 025B,E01027052,1249,100,172,13.8,151,12.1,204,16.3,76,6.1,233,18.7,355,28.4,58,4.6
North Northamptonshire 025C,E01027053,1782,100,226,12.7,190,10.7,287,16.1,108,6.1,381,21.4,540,30.3,50,2.8
North Northamptonshire 025D,E01027054,1007,100,260,25.8,129,12.8,153,15.2,89,8.8,170,16.9,177,17.6,29,2.9
North Northamptonshire 025E,E01027055,1065,100,239,22.4,133,12.5,158,14.8,70,6.6,212,19.9,220,20.7,33,3.1
North Northamptonshire 025F,E01027056,1260,100,325,25.8,188,14.9,209,16.6,89,7.1,201,16,210,16.7,38,3
North Northamptonshire 026A,E01027326,1344,100,272,20.2,149,11.1,209,15.6,89,6.6,230,17.1,355,26.4,40,3
North Northamptonshire 026B,E01027327,1293,100,312,24.1,150,11.6,183,14.2,93,7.2,227,17.6,293,22.7,35,2.7
North Northamptonshire 026C,E01027328,1187,100,277,23.3,169,14.2,198,16.7,81,6.8,196,16.5,233,19.6,33,2.8
North Northamptonshire 026D,E01027338,2058,100,347,16.9,180,8.7,302,14.7,117,5.7,346,16.8,729,35.4,37,1.8
North Northamptonshire 027A,E01027038,1561,100,340,21.8,200,12.8,270,17.3,107,6.9,274,17.6,319,20.4,51,3.3
North Northamptonshire 027B,E01027039,1696,100,394,23.2,188,11.1,273,16.1,98,5.8,305,18,393,23.2,45,2.7
North Northamptonshire 027C,E01027040,1460,100,269,18.4,196,13.4,248,17,104,7.1,280,19.2,328,22.5,35,2.4
North Northamptonshire 027D,E01027041,1342,100,325,24.2,194,14.5,254,18.9,89,6.6,190,14.2,263,19.6,27,2
North Northamptonshire 027E,E01027042,1444,100,199,13.8,185,12.8,259,17.9,90,6.2,277,19.2,400,27.7,34,2.4
North Northamptonshire 028A,E01027330,1377,100,329,23.9,203,14.7,189,13.7,63,4.6,200,14.5,339,24.6,54,3.9
North Northamptonshire 028B,E01027331,1178,100,334,28.4,164,13.9,159,13.5,69,5.9,169,14.3,218,18.5,65,5.5
North Northamptonshire 028C,E01027332,1338,100,320,23.9,138,10.3,171,12.8,107,8,216,16.1,338,25.3,48,3.6
North Northamptonshire 028D,E01027333,1849,100,291,15.7,202,10.9,281,15.2,95,5.1,348,18.8,585,31.6,47,2.5
North Northamptonshire 028E,E01027334,1017,100,297,29.2,186,18.3,167,16.4,45,4.4,137,13.5,142,14,43,4.2
North Northamptonshire 029A,E01027343,1195,100,230,19.2,153,12.8,186,15.6,90,7.5,206,17.2,294,24.6,36,3
North Northamptonshire 029B,E01027344,1268,100,244,19.2,137,10.8,184,14.5,73,5.8,219,17.3,375,29.6,36,2.8
North Northamptonshire 029C,E01027345,1073,100,159,14.8,123,11.5,170,15.8,68,6.3,169,15.8,351,32.7,33,3.1
North Northamptonshire 029D,E01027346,1230,100,196,15.9,157,12.8,179,14.6,67,5.4,239,19.4,364,29.6,28,2.3
North Northamptonshire 029E,E01027347,1565,100,245,15.7,170,10.9,226,14.4,105,6.7,290,18.5,489,31.2,40,2.6
North Northamptonshire 030A,E01027313,1466,100,504,34.4,181,12.3,153,10.4,65,4.4,148,10.1,327,22.3,88,6
North Northamptonshire 030B,E01027314,1913,100,551,28.8,242,12.7,233,12.2,103,5.4,218,11.4,437,22.8,129,6.7
North Northamptonshire 030C,E01027316,1781,100,425,23.9,190,10.7,250,14,96,5.4,239,13.4,482,27.1,99,5.6
North Northamptonshire 030D,E01035429,1162,100,208,17.9,116,10,156,13.4,75,6.5,218,18.8,354,30.5,35,3
North Northamptonshire 030E,E01035430,1744,100,358,20.5,216,12.4,268,15.4,107,6.1,274,15.7,439,25.2,82,4.7
North Northamptonshire 031A,E01027339,1034,100,265,25.6,147,14.2,172,16.6,52,5,167,16.2,193,18.7,38,3.7
North Northamptonshire 031B,E01027340,1281,100,339,26.5,203,15.8,210,16.4,82,6.4,170,13.3,224,17.5,53,4.1
North Northamptonshire 031C,E01027341,1279,100,323,25.3,182,14.2,208,16.3,82,6.4,166,13,251,19.6,67,5.2
North Northamptonshire 031D,E01027342,1278,100,355,27.8,183,14.3,176,13.8,81,6.3,201,15.7,242,18.9,40,3.1
North Northamptonshire 032A,E01027350,1350,100,342,25.3,166,12.3,195,14.4,69,5.1,197,14.6,324,24,57,4.2
North Northamptonshire 032B,E01027351,1362,100,348,25.6,187,13.7,199,14.6,92,6.8,178,13.1,313,23,45,3.3
North Northamptonshire 032C,E01027352,1263,100,339,26.8,152,12,165,13.1,94,7.4,170,13.5,297,23.5,46,3.6
North Northamptonshire 032D,E01035431,1182,100,301,25.5,129,10.9,142,12,67,5.7,156,13.2,324,27.4,63,5.3
North Northamptonshire 032E,E01035432,932,100,255,27.4,135,14.5,135,14.5,56,6,138,14.8,179,19.2,34,3.6
North Northamptonshire 033A,E01027309,1270,100,277,21.8,150,11.8,190,15,90,7.1,207,16.3,312,24.6,44,3.5
North Northamptonshire 033B,E01027310,1170,100,329,28.1,188,16.1,186,15.9,74,6.3,160,13.7,190,16.2,43,3.7
North Northamptonshire 033C,E01027311,1147,100,254,22.1,119,10.4,176,15.3,71,6.2,197,17.2,283,24.7,47,4.1
North Northamptonshire 033D,E01027312,1212,100,301,24.8,194,16,196,16.2,70,5.8,175,14.4,227,18.7,49,4
North Northamptonshire 034A,E01027061,2096,100,393,18.8,266,12.7,350,16.7,149,7.1,394,18.8,478,22.8,66,3.1
North Northamptonshire 034B,E01027062,1903,100,355,18.7,245,12.9,364,19.1,122,6.4,321,16.9,442,23.2,54,2.8
North Northamptonshire 034C,E01027063,1556,100,250,16.1,165,10.6,256,16.5,101,6.5,277,17.8,474,30.5,33,2.1
North Northamptonshire 034D,E01027064,1351,100,296,21.9,166,12.3,190,14.1,125,9.3,258,19.1,289,21.4,27,2
North Northamptonshire 034E,E01027072,1273,100,308,24.2,208,16.3,225,17.7,85,6.7,180,14.1,222,17.4,45,3.5
North Northamptonshire 034F,E01027073,1680,100,403,24,181,10.8,276,16.4,115,6.8,297,17.7,358,21.3,50,3
North Northamptonshire 035A,E01027034,1375,100,345,25.1,197,14.3,194,14.1,80,5.8,214,15.6,307,22.3,38,2.8
North Northamptonshire 035B,E01027035,1205,100,241,20,159,13.2,207,17.2,78,6.5,202,16.8,276,22.9,42,3.5
North Northamptonshire 035C,E01027037,2022,100,274,13.6,242,12,328,16.2,141,7,365,18.1,629,31.1,43,2.1
North Northamptonshire 035D,E01033244,2126,100,291,13.7,231,10.9,343,16.1,124,5.8,412,19.4,671,31.6,54,2.5
North Northamptonshire 035E,E01033245,888,100,146,16.4,125,14.1,139,15.7,44,5,187,21.1,226,25.5,21,2.4
North Northamptonshire 036A,E01027317,1252,100,321,25.6,192,15.3,162,12.9,72,5.8,185,14.8,284,22.7,36,2.9
North Northamptonshire 036B,E01027318,1110,100,312,28.1,169,15.2,196,17.7,42,3.8,146,13.2,199,17.9,46,4.1
North Northamptonshire 036C,E01027319,1241,100,297,23.9,183,14.7,191,15.4,68,5.5,181,14.6,272,21.9,49,3.9
North Northamptonshire 036D,E01027320,1628,100,343,21.1,218,13.4,258,15.8,106,6.5,277,17,381,23.4,45,2.8
North Northamptonshire 036E,E01027321,1378,100,219,15.9,160,11.6,207,15,69,5,251,18.2,439,31.9,33,2.4
North Northamptonshire 037A,E01027058,1391,100,320,23,201,14.5,246,17.7,95,6.8,230,16.5,261,18.8,38,2.7
North Northamptonshire 037B,E01027059,1434,100,313,21.8,186,13,217,15.1,76,5.3,278,19.4,326,22.7,38,2.6
North Northamptonshire 037C,E01027060,1735,100,383,22.1,231,13.3,284,16.4,95,5.5,295,17,383,22.1,64,3.7
North Northamptonshire 037D,E01027065,1582,100,375,23.7,226,14.3,254,16.1,85,5.4,248,15.7,342,21.6,52,3.3
North Northamptonshire 037E,E01027069,1434,100,315,22,180,12.6,221,15.4,92,6.4,240,16.7,343,23.9,43,3
North Northamptonshire 038A,E01027322,1040,100,162,15.6,111,10.7,157,15.1,67,6.4,177,17,344,33.1,22,2.1
North Northamptonshire 038B,E01027323,1610,100,220,13.7,160,9.9,274,17,111,6.9,285,17.7,525,32.6,35,2.2
North Northamptonshire 038C,E01027324,964,100,124,12.9,120,12.4,156,16.2,81,8.4,156,16.2,298,30.9,29,3
North Northamptonshire 038D,E01027325,1570,100,230,14.6,168,10.7,230,14.6,96,6.1,284,18.1,531,33.8,31,2
North Northamptonshire 038E,E01027329,1538,100,291,18.9,159,10.3,193,12.5,114,7.4,255,16.6,480,31.2,46,3
North Northamptonshire 038F,E01027353,1824,100,349,19.1,203,11.1,268,14.7,122,6.7,277,15.2,544,29.8,61,3.3
North Northamptonshire 039A,E01027066,1746,100,300,17.2,224,12.8,263,15.1,114,6.5,307,17.6,508,29.1,30,1.7
North Northamptonshire 039B,E01027067,1469,100,332,22.6,177,12,212,14.4,139,9.5,260,17.7,311,21.2,38,2.6
North Northamptonshire 039C,E01027070,1304,100,285,21.9,175,13.4,177,13.6,94,7.2,247,18.9,285,21.9,41,3.1
North Northamptonshire 039D,E01027071,1205,100,242,20.1,158,13.1,188,15.6,97,8,243,20.2,243,20.2,34,2.8
North Northamptonshire 039E,E01035409,1182,100,136,11.5,146,12.4,212,17.9,73,6.2,228,19.3,365,30.9,22,1.9
North Northamptonshire 039F,E01035410,1384,100,173,12.5,173,12.5,228,16.5,98,7.1,301,21.7,382,27.6,29,2.1
North Northamptonshire 040A,E01027335,1245,100,288,23.1,143,11.5,139,11.2,109,8.8,213,17.1,317,25.5,36,2.9
North Northamptonshire 040B,E01027336,1335,100,327,24.5,167,12.5,208,15.6,72,5.4,212,15.9,308,23.1,41,3.1
North Northamptonshire 040C,E01027337,1500,100,318,21.2,198,13.2,228,15.2,126,8.4,257,17.1,337,22.5,36,2.4
North Northamptonshire 040D,E01027348,1814,100,319,17.6,188,10.4,252,13.9,131,7.2,298,16.4,574,31.6,52,2.9
North Northamptonshire 040E,E01027354,2020,100,310,15.3,224,11.1,286,14.2,127,6.3,355,17.6,676,33.5,42,2.1
North Northamptonshire 040F,E01027355,1348,100,188,13.9,160,11.9,203,15.1,92,6.8,275,20.4,388,28.8,42,3.1
